{"Loss (Train)": 2.273412654134962, "Loss (Test)": 2.2943196296691895, "_timestamp": 1705673385.5492558, "_runtime": 45.06852078437805, "_step": 300, "_wandb": {"runtime": 42}}