{"Loss (Train)": 1.9240920927789475, "Loss (Test)": 1.9231786727905273, "_timestamp": 1705672424.619821, "_runtime": 20.25177001953125, "_step": 113}