{"Loss (Train)": 2.8160628000895183, "Loss (Test)": 2.8379151821136475, "_timestamp": 1705672192.196341, "_runtime": 524.2607171535492, "_step": 300, "_wandb": {"runtime": 521}}