{"Loss (Train)": 1.9148060003916423, "Loss (Test)": 1.9189038276672363, "_timestamp": 1705672355.201949, "_runtime": 47.201435804367065, "_step": 300, "_wandb": {"runtime": 44}}