{"Loss (Train)": 2.273412654134962, "Loss (Test)": 2.2943196296691895, "_timestamp": 1705673269.3452291, "_runtime": 45.91659617424011, "_step": 300, "_wandb": {"runtime": 42}}