{"Loss (Train)": 3.064636712604099, "Loss (Test)": 3.0446746349334717, "_timestamp": 1705671499.254359, "_runtime": 34.653297901153564, "_step": 300, "_wandb": {"runtime": 31}}