{"Loss (Train)": 2.924001455307007, "Loss (Test)": 2.911322593688965, "_timestamp": 1705671646.261176, "_runtime": 88.5402262210846, "_step": 300, "_wandb": {"runtime": 85}}