{"Loss (Train)": 3.65393980079227, "Loss (Test)": 3.567857265472412, "_timestamp": 1705671163.0230558, "_runtime": 25.488526821136475, "_step": 10, "_wandb": {"runtime": 21}}