{"Loss (Train)": 3.65393980079227, "Loss (Test)": 3.567857265472412, "_timestamp": 1705671029.193366, "_runtime": 23.12221598625183, "_step": 10, "_wandb": {"runtime": 19}}