{"Loss (Train)": 3.0092522117826674, "Loss (Test)": 3.1537885665893555, "_timestamp": 1705670988.365935, "_runtime": 63.048585176467896, "_step": 29}