{"Loss (Train)": 2.564392564031813, "Loss (Test)": 2.5424673557281494, "_timestamp": 1705673139.555037, "_runtime": 604.0683999061584, "_step": 300, "_wandb": {"runtime": 601}}