{"Loss (Train)": 2.8330947902467516, "Loss (Test)": 2.840175151824951, "_timestamp": 1705672481.7384589, "_runtime": 46.57726192474365, "_step": 300, "_wandb": {"runtime": 43}}