{"Loss (Train)": 3.0646366039911905, "Loss (Test)": 3.0446743965148926, "_timestamp": 1705671417.560261, "_runtime": 35.60444211959839, "_step": 300, "_wandb": {"runtime": 32}}